NORTHERN RIVERS,,,,,,,,,,,,,,,,,,
,"Date/Time
EDT","Temp
°C","App
Temp
°C","Dew
Point
°C","Rel
Hum
%","Delta-T
°C",Wind,,,,,"Press
MSL
hPa","Rain since
9am
mm","Low
Temp
°C
time","High
Temp
°C
time",Highest Wind Gust,,
,,,,,,,Dir,"Spd
km/h","Gust
km/h","Spd
kts","Gust
kts",,,,,Dir,"km/h
time","kts
time"
Ballina,07/03:00pm,24.5,21.6,17,63,4.6,NE,28,35,15,19,1013.8,0,"11.6
05:20am","25.5
12:29pm",NE,"35
02:57pm","19
02:57pm"
Cape Byron,07/03:00pm,23.4,21.8,16,63,4.5,NNE,19,28,10,15,1014.3,0,"18.3
05:27am","25.0
01:57pm",NE,"33
01:49pm","18
01:49pm"
Casino,07/03:00pm,28.8,28.4,13.1,38,9.3,SE,7,15,4,8,1012.9,0,"11.5
04:37am","29.4
02:40pm",NNE,"22
12:17pm","12
12:17pm"
Coolangatta,07/03:00pm,23.9,22,15.7,60,4.9,NNE,20,26,11,14,1014.1,0,"13.7
04:34am","25.3
01:11pm",NNE,"28
01:42pm","15
01:42pm"
Evans Head,07/03:00pm,25.8,24.5,15.8,54,6.1,NNE,17,32,9,17,1013.4,0,"16.2
05:36am","27.0
02:30pm",E,"33
12:55pm","18
12:55pm"
Grafton AgRS,07/03:00pm,28,26.9,13.1,39,8.8,N,11,20,6,11,-,0,"14.7
05:57am","28.5
02:52pm",NNE,"24
02:16pm","13
02:16pm"
Grafton Airport,07/03:00pm,27.5,26.4,15.2,47,7.5,NNE,15,22,8,12,1012.8,0,"12.9
06:09am","28.3
02:56pm",NNE,"28
02:42pm","15
02:42pm"
Lismore Airport,07/03:00pm,27.2,26.9,17.4,55,6.2,NE,15,22,8,12,1012.9,0,"10.6
03:35am","27.8
02:20pm",NE,"24
02:42pm","13
02:42pm"
Murwillumbah,07/09:00am,21,22.2,16,73,3,SW,4,-,2,-,-,0,-,-,-,-,-
Yamba,07/03:00pm,24.9,25.2,17.9,65,4.4,NE,13,20,7,11,1013.7,0,"16.4
06:19am","26.3
01:38pm",NE,"28
02:39pm","15
02:39pm"
MID NORTH COAST,,,,,,,,,,,,,,,,,,
,"Date/Time
EDT","Temp
°C","App
Temp
°C","Dew
Point
°C","Rel
Hum
%","Delta-T
°C",Wind,,,,,"Press
MSL
hPa","Rain since
9am
mm","Low
Temp
°C
time","High
Temp
°C
time",Highest Wind Gust,,
,,,,,,,Dir,"Spd
km/h","Gust
km/h","Spd
kts","Gust
kts",,,,,Dir,"km/h
time","kts
time"
Coffs Harbour Airport,07/03:00pm,24.4,19.8,17.1,63,4.5,NE,37,50,20,27,1012.5,0,"15.1
05:16am","27.3
12:51pm",NE,"50
02:56pm","27
02:56pm"
Dorrigo,07/09:00am,15.4,13.9,12,80,1.9,NNW,11,-,6,-,-,0,-,-,-,-,-
Kempsey Airport,07/03:00pm,27.7,27.2,18.7,58,5.8,ENE,19,24,10,13,1011,0,"13.2
06:14am","27.8
02:46pm",NNE,"33
10:09am","18
10:09am"
Mount Seaview,07/03:00pm,27.4,27.3,19.6,62,5.1,E,19,-,10,-,-,0,-,-,-,-,-
Port Macquarie Airport,07/03:00pm,25.1,23.4,17.1,61,5,NE,22,30,12,16,1011.6,0,"15.8
04:49am","26.0
02:40pm",N,"35
10:40am","19
10:40am"
Taree Airport,07/03:00pm,26.8,24.5,16.7,54,6.3,E,24,33,13,18,1010.5,0,"15.6
04:13am","28.0
02:09pm",ENE,"33
02:58pm","18
02:58pm"
HUNTER,,,,,,,,,,,,,,,,,,
,"Date/Time
EDT","Temp
°C","App
Temp
°C","Dew
Point
°C","Rel
Hum
%","Delta-T
°C",Wind,,,,,"Press
MSL
hPa","Rain since
9am
mm","Low
Temp
°C
time","High
Temp
°C
time",Highest Wind Gust,,
,,,,,,,Dir,"Spd
km/h","Gust
km/h","Spd
kts","Gust
kts",,,,,Dir,"km/h
time","kts
time"
Cessnock Airport,07/03:00pm,30.1,27.6,11.1,31,11,NNW,15,24,8,13,1009,0,"14.3
06:23am","30.6
02:44pm",NW,"39
12:56pm","21
12:56pm"
Gosford,07/03:00pm,26.9,25.7,17.1,55,6.1,E,19,26,10,14,-,0,"16.2
05:23am","30.0
01:32pm",ENE,"26
02:54pm","14
02:54pm"
Lake Macquarie - Cooranbong,07/03:00pm,29.1,29.4,17,48,7.6,E,11,17,6,9,1009.5,0,"13.5
02:44am","30.3
02:19pm",N,"19
12:33pm","10
12:33pm"
Maitland Airport,07/03:00pm,30.8,29.9,12.7,33,10.7,WNW,9,17,5,9,1009.3,0,"14.1
04:47am","31.5
02:45pm",NW,"24
12:49pm","13
12:49pm"
Mangrove Mountain,07/03:00pm,29.9,28.8,10.5,30,11.2,N,7,17,4,9,-,0,"13.7
02:12am","30.8
02:50pm",NNW,"24
11:12am","13
11:12am"
Merriwa,07/03:00pm,30.4,25.6,5.6,21,13.3,WNW,20,39,11,21,1009.1,0,"12.5
06:30am","32.5
01:47pm",NW,"39
02:53pm","21
02:53pm"
Murrurundi,07/09:00am,22,21.7,11.5,51,6,W,4,-,2,-,-,0,-,-,-,-,-
Murrurundi Gap,07/03:00pm,25.5,19.6,7.6,32,9.8,NNW,28,39,15,21,1010.1,0,"16.1
12:47am","26.4
02:04pm",NW,"48
11:35am","26
11:35am"
Newcastle Nobbys,07/03:00pm,22.1,19.1,16.8,72,3.2,E,28,33,15,18,-,0,"18.1
07:34am","23.5
12:22pm",E,"33
03:00pm","18
03:00pm"
Norah Head,07/03:00pm,24.4,21.6,18.1,68,4,NE,30,35,16,19,1009.7,0,"18.9
08:12am","26.4
02:39pm",NNE,"44
12:39am","24
12:39am"
Scone Airport,07/03:00pm,31.4,26.8,9.6,26,12.5,NNW,24,41,13,22,1009,0,"10.6
04:53am","33.4
02:54pm",NW,"54
12:07pm","29
12:07pm"
Singleton (Defence),07/03:00pm,31.7,29.7,11.5,29,11.8,NNW,13,20,7,11,-,0,"14.6
07:04am","31.9
02:58pm",NNW,"35
12:49pm","19
12:49pm"
Tocal,07/03:00pm,30.9,30.3,12.3,32,11,N,7,11,4,6,-,0,"14.4
06:26am","31.8
02:59pm",N,"22
02:00pm","12
02:00pm"
Williamtown,07/03:00pm,29.1,29.4,16,45,8.1,ENE,9,15,5,8,1009.9,0,"15.9
04:59am","29.3
02:57pm",NE,"28
12:07am","15
12:07am"
NORTHERN TABLELANDS,,,,,,,,,,,,,,,,,,
,"Date/Time
EDT","Temp
°C","App
Temp
°C","Dew
Point
°C","Rel
Hum
%","Delta-T
°C",Wind,,,,,"Press
MSL
hPa","Rain since
9am
mm","Low
Temp
°C
time","High
Temp
°C
time",Highest Wind Gust,,
,,,,,,,Dir,"Spd
km/h","Gust
km/h","Spd
kts","Gust
kts",,,,,Dir,"km/h
time","kts
time"
Armidale,07/09:00am,17.3,17.8,12.9,75,2.6,W,2,-,1,-,-,0,-,-,-,-,-
Armidale Airport,07/03:00pm,24,20.7,8,36,8.9,W,15,28,8,15,1011.7,0,"9.5
05:47am","24.7
02:38pm",W,"37
11:34am","20
11:34am"
Glen Innes Airport,07/03:00pm,23.2,20.3,10.9,46,7.2,WNW,17,30,9,16,1012.6,0,"10.9
03:43am","24.3
02:48pm",WNW,"32
12:20pm","17
12:20pm"
Inverell,07/09:00am,18.3,17.6,13.1,71,3,NNW,9,-,5,-,-,0,-,-,-,-,-
Inverell RS,07/03:00pm,26.7,25.3,13.4,43,8.1,N,13,20,7,11,1011.8,0,"13.2
05:50am","27.2
01:52pm",NNW,"28
12:26pm","15
12:26pm"
Applethorpe,07/03:00pm,24.8,23.6,10.3,40,8.4,NNW,7,15,4,8,1012.6,0,"12.4
11:48pm","25.3
01:57pm",NNE,"22
12:14pm","12
12:14pm"
Tabulam,07/09:00am,17.3,17,14.4,83,1.7,SE,9,-,5,-,-,0,-,-,-,-,-
Tenterfield,07/09:00am,14.6,11.8,12.5,87,1.2,E,19,-,10,-,-,0,-,-,-,-,-
SYDNEY METROPOLITAN,,,,,,,,,,,,,,,,,,
,"Date/Time
EDT","Temp
°C","App
Temp
°C","Dew
Point
°C","Rel
Hum
%","Delta-T
°C",Wind,,,,,"Press
MSL
hPa","Rain since
9am
mm","Low
Temp
°C
time","High
Temp
°C
time",Highest Wind Gust,,
,,,,,,,Dir,"Spd
km/h","Gust
km/h","Spd
kts","Gust
kts",,,,,Dir,"km/h
time","kts
time"
Badgerys Creek,07/03:00pm,28.8,28.5,12.7,37,9.5,NE,6,9,3,5,1008.6,0,"13.9
04:51am","29.8
02:34pm",ENE,"17
02:40pm","9
02:40pm"
Bankstown,07/03:00pm,30,28.5,14.1,37,9.6,ENE,15,22,8,12,1008.5,0,"16.1
05:49am","31.0
02:49pm",E,"24
02:33pm","13
02:33pm"
Camden,07/03:00pm,27.8,27.1,14.4,43,8.1,N,11,15,6,8,1008.6,0,"14.2
01:19am","27.8
03:00pm",NNE,"20
02:20pm","11
02:20pm"
Campbelltown,07/03:00pm,28,27.9,13.9,42,8.4,NNE,7,13,4,7,-,0,"14.1
01:34am","28.8
02:35pm",N,"17
02:35pm","9
02:35pm"
Canterbury,07/03:00pm,25.8,24.9,15.8,54,6.1,ENE,15,24,8,13,-,0,"16.2
05:46am","26.5
02:29pm",E,"30
02:11pm","16
02:11pm"
Fort Denison,07/03:00pm,-,-,-,-,-,ESE,7,13,4,7,-,-,-,-,E,"30
02:15pm","16
02:15pm"
Holsworthy,07/03:00pm,29.2,28.8,15.3,42,8.5,ENE,11,20,6,11,1008.6,0,"15.6
05:43am","29.8
02:57pm",ENE,"24
02:44pm","13
02:44pm"
Holsworthy (Defence),07/03:00pm,28.6,27.3,11.2,34,10,NE,9,15,5,8,-,0,"14.2
01:35am","30.0
02:46pm",N,"20
02:30pm","11
02:30pm"
Horsley Park,07/03:00pm,29.7,27.7,8.7,27,11.7,NNE,9,17,5,9,-,0,"14.6
05:43am","30.9
02:42pm",N,"17
02:54pm","9
02:54pm"
Kurnell,07/03:00pm,-,-,-,-,-,NE,33,39,18,21,-,-,-,-,NE,"39
02:59pm","21
02:59pm"
Little Bay,07/03:00pm,-,-,-,-,-,NNE,20,32,11,17,-,-,-,-,NNE,"35
01:02am","19
01:02am"
Lucas Heights (ANSTO),07/02:45pm,27.8,26.4,15.6,47,7.5,ENE,17,24,9,13,-,0,-,-,-,-,-
North Head,07/03:00pm,-,-,-,-,-,NNE,22,32,12,17,-,-,-,-,NNE,"37
12:34am","20
12:34am"
Parramatta,07/09:00am,21.5,22.7,16,71,3.3,NNW,4,-,2,-,-,0,-,-,-,-,-
Penrith,07/03:00pm,29.9,29.5,14,37,9.6,N,9,15,5,8,-,0,"15.6
05:12am","30.6
02:54pm",NE,"15
02:54pm","8
02:54pm"
Richmond,07/03:00pm,30.6,28.1,13.4,35,10.3,E,19,24,10,13,1007.8,0,"14.6
05:53am","31.7
02:48pm",N,"28
02:05pm","15
02:05pm"
Sydney Airport,07/03:00pm,25,21.4,15.3,55,5.9,NE,28,33,15,18,1009.3,0,"19.6
07:46am","26.2
02:42pm",NNE,"37
03:00am","20
03:00am"
Sydney - Observatory Hill,07/03:00pm,23.6,24.4,16.4,64,4.4,ESE,7,-,4,-,1009.4,0,"18.2
06:15am","24.7
11:33am",-,-,-
Sydney Harbour,07/03:00pm,20.7,-,-,-,-,NNE,37,43,20,23,-,-,"19.0
07:11am","20.8
02:55pm",NNE,"43
02:55pm","23
02:55pm"
Sydney Olympic Park,07/03:00pm,27.4,27.7,17.8,55,6.1,ESE,13,20,7,11,-,0,"16.5
06:08am","28.8
12:50pm",E,"28
02:40pm","15
02:40pm"
Terrey Hills,07/03:00pm,25.4,26.2,17.3,61,5.1,ENE,9,15,5,8,-,0,"16.1
06:14am","26.8
01:45pm",ENE,"20
02:39pm","11
02:39pm"
Wattamolla,07/03:00pm,-,-,-,-,-,NE,19,28,10,15,-,-,-,-,N,"37
12:05am","20
12:05am"
ILLAWARRA,,,,,,,,,,,,,,,,,,
,"Date/Time
EDT","Temp
°C","App
Temp
°C","Dew
Point
°C","Rel
Hum
%","Delta-T
°C",Wind,,,,,"Press
MSL
hPa","Rain since
9am
mm","Low
Temp
°C
time","High
Temp
°C
time",Highest Wind Gust,,
,,,,,,,Dir,"Spd
km/h","Gust
km/h","Spd
kts","Gust
kts",,,,,Dir,"km/h
time","kts
time"
Albion Park,07/03:00pm,22.3,21.4,18.1,77,2.6,ENE,20,28,11,15,1008.9,0,"14.8
01:18am","24.6
01:52pm",ENE,"28
02:59pm","15
02:59pm"
Bellambi,07/03:00pm,21.4,21.1,18.2,82,2,NNE,17,24,9,13,-,0,"17.3
01:10am","22.5
02:12pm",NNE,"26
02:46pm","14
02:46pm"
High Range (Wanganderry),07/03:00pm,22.3,21.1,11.7,51,6.2,NNE,9,13,5,7,1009.4,0,"11.2
02:19am","24.9
01:04pm",N,"28
01:11pm","15
01:11pm"
Jervis Bay Airfield,07/03:00pm,21.1,17.9,16.3,74,2.9,NNE,28,37,15,20,1008,0,"17.3
05:36am","23.1
01:06pm",NNE,"37
02:57pm","20
02:57pm"
Kiama,07/03:00pm,20.9,20.3,17.5,81,2.1,NNE,17,26,9,14,-,0,"17.4
06:35am","22.4
12:53pm",NNE,"30
02:06pm","16
02:06pm"
Moss Vale,07/03:00pm,24.2,20.6,8.2,36,8.8,NNW,17,22,9,12,1009.5,0,"12.5
09:04pm","26.5
02:05pm",NE,"35
03:45am","19
03:45am"
Nowra,07/03:00pm,23.6,22.2,15.6,61,4.8,E,17,20,9,11,1007.8,0,"13.3
10:52pm","26.3
02:30pm",E,"20
02:57pm","11
02:57pm"
Point Perpendicular,07/03:00pm,21.1,17.9,16.3,74,2.9,NNE,28,39,15,21,1008.2,0,"17.5
05:57am","23.6
01:48pm",NNE,"43
02:00pm","23
02:00pm"
Port Kembla Harbour,07/03:00pm,19.7,-,-,-,-,NNE,13,19,7,10,1008.7,-,"18.4
03:17am","20.0
12:58pm",NNE,"24
02:21pm","13
02:21pm"
SOUTH COAST,,,,,,,,,,,,,,,,,,
,"Date/Time
EDT","Temp
°C","App
Temp
°C","Dew
Point
°C","Rel
Hum
%","Delta-T
°C",Wind,,,,,"Press
MSL
hPa","Rain since
9am
mm","Low
Temp
°C
time","High
Temp
°C
time",Highest Wind Gust,,
,,,,,,,Dir,"Spd
km/h","Gust
km/h","Spd
kts","Gust
kts",,,,,Dir,"km/h
time","kts
time"
Bega,07/03:00pm,24.7,24.7,14.2,52,6.2,ESE,7,15,4,8,1006.6,0,"12.7
04:40am","25.9
02:26pm",SSW,"17
06:33am","9
06:33am"
Gabo Island,07/03:00pm,21.2,17.3,15.5,70,3.4,NE,30,35,16,19,1006,0,"16.5
05:24am","21.9
02:51pm",NNE,"50
01:20am","27
01:20am"
Green Cape,07/03:00pm,19.6,16.8,16.3,81,2,NE,26,28,14,15,1006.7,0,"16.4
07:17am","19.8
02:57pm",N,"44
07:43am","24
07:43am"
Merimbula,07/03:00pm,21.5,20.6,14.9,66,3.9,ENE,13,19,7,10,1007,0,"13.3
03:41am","23.3
02:38pm",E,"20
02:49pm","11
02:49pm"
Montague Island,07/03:00pm,19.4,16.4,16.8,85,1.6,NNE,28,33,15,18,1007.2,0,"15.5
05:17am","19.7
02:45pm",N,"33
03:00pm","18
03:00pm"
Moruya Airport,07/03:00pm,20.1,19.1,15.5,75,2.7,NE,15,20,8,11,1007.3,0,"12.3
04:17am","20.8
12:48pm",NE,"24
02:22pm","13
02:22pm"
Moruya Heads,07/03:00pm,18.9,16.8,14.8,77,2.4,NE,19,-,10,-,1007.3,0,-,-,-,-,-
Narooma,07/09:00am,17,17.8,12.5,75,2.5,CALM,0,-,0,-,-,0,-,-,-,-,-
Ulladulla,07/03:00pm,19.8,19.4,16.3,80,2.1,NE,13,24,7,13,1007.6,0,"17.0
06:19am","21.2
01:30pm",NE,"35
02:39pm","19
02:39pm"
CENTRAL TABLELANDS,,,,,,,,,,,,,,,,,,
,"Date/Time
EDT","Temp
°C","App
Temp
°C","Dew
Point
°C","Rel
Hum
%","Delta-T
°C",Wind,,,,,"Press
MSL
hPa","Rain since
9am
mm","Low
Temp
°C
time","High
Temp
°C
time",Highest Wind Gust,,
,,,,,,,Dir,"Spd
km/h","Gust
km/h","Spd
kts","Gust
kts",,,,,Dir,"km/h
time","kts
time"
Bathurst Airport,07/03:00pm,26.2,21.4,5.7,27,10.9,NNW,20,28,11,15,1010,0,"11.1
02:34am","27.9
01:34pm",NNW,"46
12:25pm","25
12:25pm"
Lithgow,07/09:00am,18.5,18.9,14.7,78,2.3,N,6,-,3,-,-,0,-,-,-,-,-
Marrangaroo (Defence),07/03:00pm,23.8,21.2,4.2,28,10.1,WNW,7,20,4,11,-,0,"10.8
05:18am","25.1
01:30pm",NNW,"32
11:09am","17
11:09am"
Mount Boyce,07/03:00pm,22.2,17.5,0.7,24,10.4,WSW,15,26,8,14,-,0,"11.7
12:47am","24.6
01:43pm",SW,"35
02:02pm","19
02:02pm"
Mudgee,07/03:00pm,29.5,25.2,8,26,12,NNW,20,30,11,16,1008.7,0,"12.3
12:20am","30.5
02:09pm",NNW,"44
12:17pm","24
12:17pm"
Nullo Mountain,07/03:00pm,22.9,19.4,7.1,36,8.6,NW,15,22,8,12,-,0,"10.8
11:53pm","23.4
02:26pm",NNW,"39
09:49am","21
09:49am"
Orange Airport,07/03:00pm,22.3,17.7,6.5,36,8.4,NW,20,30,11,16,1010.7,0,"8.6
10:33pm","24.0
12:34pm",NW,"39
12:38pm","21
12:38pm"
SOUTHERN TABLELANDS,,,,,,,,,,,,,,,,,,
,"Date/Time
EDT","Temp
°C","App
Temp
°C","Dew
Point
°C","Rel
Hum
%","Delta-T
°C",Wind,,,,,"Press
MSL
hPa","Rain since
9am
mm","Low
Temp
°C
time","High
Temp
°C
time",Highest Wind Gust,,
,,,,,,,Dir,"Spd
km/h","Gust
km/h","Spd
kts","Gust
kts",,,,,Dir,"km/h
time","kts
time"
Braidwood,07/03:00pm,26,23.5,6.6,29,10.5,NNW,9,22,5,12,1008.3,0,"9.3
02:28am","26.3
01:00pm",NW,"30
01:09pm","16
01:09pm"
Canberra,07/03:00pm,27.4,19.7,2.5,20,12.6,NNW,32,39,17,21,1008.4,0,"8.7
03:34am","28.7
02:41pm",N,"44
02:48pm","24
02:48pm"
Goulburn,07/09:00am,16,17,13.2,83,1.6,CALM,0,-,0,-,-,0,-,-,-,-,-
Goulburn Airport,07/03:00pm,24.1,20.9,6.8,33,9.3,NNW,13,17,7,9,1008.9,0,"9.0
10:18pm","27.2
01:33pm",W,"44
12:36pm","24
12:36pm"
Mount Ginini,07/03:00pm,17.2,11.6,1.2,34,7.8,NW,20,37,11,20,-,0,"7.1
09:17pm","19.0
02:55pm",WNW,"44
12:50pm","24
12:50pm"
Nerriga,07/03:00pm,23.6,18.6,4.5,29,9.8,NW,20,28,11,15,1009,0,"12.9
05:30am","26.3
02:15pm",WNW,"32
02:31pm","17
02:31pm"
Tuggeranong,07/03:00pm,26.8,21.5,2,20,12.4,NNW,19,35,10,19,1007.7,0,"9.9
04:02am","28.0
02:49pm",N,"35
02:56pm","19
02:56pm"
SNOWY MOUNTAINS,,,,,,,,,,,,,,,,,,
,"Date/Time
EDT","Temp
°C","App
Temp
°C","Dew
Point
°C","Rel
Hum
%","Delta-T
°C",Wind,,,,,"Press
MSL
hPa","Rain since
9am
mm","Low
Temp
°C
time","High
Temp
°C
time",Highest Wind Gust,,
,,,,,,,Dir,"Spd
km/h","Gust
km/h","Spd
kts","Gust
kts",,,,,Dir,"km/h
time","kts
time"
Bombala,07/09:00am,16,15.9,9.5,65,3.5,CALM,0,-,0,-,-,1,-,-,-,-,-
Bombala AWS,07/03:00pm,23.8,19.2,3.7,27,10.2,W,17,24,9,13,1006.5,0.2,"10.1
11:20pm","26.4
02:29pm",WNW,"37
02:07pm","20
02:07pm"
Cabramurra,07/03:00pm,17.6,11.8,2.4,36,7.5,N,22,33,12,18,-,0,"9.9
08:34pm","18.6
02:59pm",NNW,"48
04:03am","26
04:03am"
Cooma,07/09:00am,15,14.4,7.2,59,4,CALM,0,-,0,-,-,0,-,-,-,-,-
Cooma Airport,07/03:00pm,23.3,16.3,-0.2,21,11.2,NNW,26,39,14,21,1007.3,0,"10.2
10:01pm","25.1
01:40pm",NNW,"52
01:03pm","28
01:03pm"
Perisher Valley,07/03:00pm,15.9,11,-3,27,8.4,WNW,13,32,7,17,-,0,"7.1
08:05pm","17.3
02:51pm",W,"61
01:08pm","33
01:08pm"
Thredbo Top Station,07/03:00pm,12.5,10.3,-1.8,37,6.4,CALM,0,0,0,0,-,0,"5.3
07:35pm","13.1
02:30pm",-,"0
03:00pm","0
03:00pm"
Thredbo Village,06/03:00pm,15,12.4,1.2,39,6.5,SW,4,-,2,-,-,0,-,-,-,-,-
NORTH WEST SLOPES AND PLAINS,,,,,,,,,,,,,,,,,,
,"Date/Time
EDT","Temp
°C","App
Temp
°C","Dew
Point
°C","Rel
Hum
%","Delta-T
°C",Wind,,,,,"Press
MSL
hPa","Rain since
9am
mm","Low
Temp
°C
time","High
Temp
°C
time",Highest Wind Gust,,
,,,,,,,Dir,"Spd
km/h","Gust
km/h","Spd
kts","Gust
kts",,,,,Dir,"km/h
time","kts
time"
Barraba,07/09:00am,21.2,21.2,14.3,64,4.1,NNE,7,-,4,-,-,0,-,-,-,-,-
Goondiwindi,07/03:00pm,31.7,28.5,12,30,11.7,NNW,20,39,11,21,1010,0,"18.2
05:12am","33.6
01:54pm",NE,"43
12:14pm","23
12:14pm"
Gunnedah Airport,07/03:00pm,32.2,28.9,10.8,27,12.5,NNW,19,33,10,18,1009.2,0,"12.2
01:11am","33.3
02:42pm",NNW,"37
01:49pm","20
01:49pm"
Gunnedah Resource Centre,07/03:00pm,31.7,-,9.8,26,12.6,-,-,-,-,-,1009.4,0,"14.7
01:44am","32.7
02:52pm",-,-,-
Moree,07/03:00pm,32.2,28.6,12.9,31,11.6,NNE,24,37,13,20,1009.2,0,"18.1
12:24am","33.4
02:58pm",NNE,"48
10:39am","26
10:39am"
Mungindi,07/09:00am,23.8,23.1,14.4,55,5.6,NE,11,-,6,-,-,0,-,-,-,-,-
Narrabri,07/03:00pm,32.2,27.8,12.9,31,11.6,N,28,43,15,23,1009,0,"14.6
02:56am","32.7
02:20pm",NNE,"52
09:15am","28
09:15am"
Quirindi,07/09:00am,22.3,23.3,13.1,56,5.4,CALM,0,-,0,-,-,0,-,-,-,-,-
Tamworth Airport,07/03:00pm,29.5,26.9,12,34,10.4,NNW,17,26,9,14,1010.5,0,"12.3
06:04am","31.0
02:08pm",NNW,"41
01:04pm","22
01:04pm"
Walgett,07/03:00pm,33.7,31.6,15.2,33,11.6,N,20,32,11,17,1006.8,0,"14.2
02:58am","35.3
02:15pm",N,"48
01:30pm","26
01:30pm"
CENTRAL WEST SLOPES AND PLAINS,,,,,,,,,,,,,,,,,,
,"Date/Time
EDT","Temp
°C","App
Temp
°C","Dew
Point
°C","Rel
Hum
%","Delta-T
°C",Wind,,,,,"Press
MSL
hPa","Rain since
9am
mm","Low
Temp
°C
time","High
Temp
°C
time",Highest Wind Gust,,
,,,,,,,Dir,"Spd
km/h","Gust
km/h","Spd
kts","Gust
kts",,,,,Dir,"km/h
time","kts
time"
Brewon,07/03:00pm,33.9,-,-,-,-,-,-,-,-,-,-,0,"15.7
01:03am","36.2
01:55pm",-,-,-
Condobolin Airport,07/03:00pm,32.4,24.9,1.5,14,15.6,N,30,43,16,23,1005.5,0,"15.6
03:29am","35.9
02:14pm",N,"43
02:55pm","23
02:55pm"
Coonabarabran,07/09:00am,20.1,19.2,13.8,67,3.7,WNW,11,-,6,-,-,0,-,-,-,-,-
Coonabarabran Airport,07/03:00pm,27.8,23.8,9.1,31,10.6,NNE,20,32,11,17,1008.9,0,"15.8
05:32am","28.6
02:57pm",N,"46
01:58pm","25
01:58pm"
Coonamble,07/03:00pm,32.2,28.8,14.8,35,10.8,N,26,39,14,21,1007.4,0,"16.3
04:55am","33.2
02:18pm",NNE,"48
09:12am","26
09:12am"
Cowra,07/03:00pm,28.8,24.2,3.6,20,12.9,NNW,17,22,9,12,1007.8,0,"13.0
05:06am","30.8
12:26pm",NNW,"35
12:36pm","19
12:36pm"
Dubbo,07/03:00pm,31.4,25,0.7,14,15.2,NNW,24,35,13,19,1007.8,0,"14.9
12:54am","33.8
01:52pm",N,"46
01:27pm","25
01:27pm"
Forbes,07/03:00pm,32.3,26.7,1.4,14,15.5,NNW,20,33,11,18,1006.4,0,"15.3
04:11am","33.6
02:52pm",N,"41
10:59am","22
10:59am"
Girilambone,07/03:00pm,35.6,-,9.2,20,15.2,-,-,-,-,-,-,0,"12.1
06:43am","35.9
03:00pm",-,-,-
Grenfell,07/09:00am,22,21.6,8.2,41,7.4,CALM,0,-,0,-,-,0,-,-,-,-,-
Nyngan,07/09:00am,25,24.2,8.3,34,9,NE,2,-,1,-,-,0,-,-,-,-,-
Parkes Airport,07/03:00pm,30.8,26.4,4.5,19,13.9,NNW,17,26,9,14,1007.3,0,"13.9
01:02am","32.7
02:54pm",NW,"50
12:08pm","27
12:08pm"
Peak Hill,07/09:00am,25.8,20.2,10.2,37,8.8,SW,30,-,16,-,-,0,-,-,-,-,-
Temora,07/03:00pm,31,24.8,-2.9,11,15.8,N,20,32,11,17,1005.7,0,"16.3
06:14am","32.4
02:07pm",N,"46
02:12pm","25
02:12pm"
Trangie,07/03:00pm,30.9,27.4,8.6,25,12.5,N,17,26,9,14,1007.5,0,"15.1
12:18am","33.9
12:49pm",N,"44
12:18pm","24
12:18pm"
West Wyalong,07/03:00pm,32.3,25.4,-6.1,8,17.1,N,22,35,12,19,1005.3,0,"14.9
05:27am","33.7
01:19pm",NNE,"41
01:21pm","22
01:21pm"
SOUTH WEST SLOPES,,,,,,,,,,,,,,,,,,
,"Date/Time
EDT","Temp
°C","App
Temp
°C","Dew
Point
°C","Rel
Hum
%","Delta-T
°C",Wind,,,,,"Press
MSL
hPa","Rain since
9am
mm","Low
Temp
°C
time","High
Temp
°C
time",Highest Wind Gust,,
,,,,,,,Dir,"Spd
km/h","Gust
km/h","Spd
kts","Gust
kts",,,,,Dir,"km/h
time","kts
time"
Khancoban,07/03:00pm,26.3,23.2,7.4,30,10.2,NNW,13,20,7,11,1006.4,0,"12.1
04:31am","27.3
02:03pm",NW,"24
02:28pm","13
02:28pm"
Tumbarumba,07/09:00am,18.5,17.5,5.7,43,6.5,CALM,0,-,0,-,-,0,-,-,-,-,-
Young,07/03:00pm,28.2,23.1,0.9,17,13.4,NNW,17,26,9,14,1006.7,0,"12.4
10:51pm","30.0
01:57pm",NNW,"35
02:39pm","19
02:39pm"
RIVERINA,,,,,,,,,,,,,,,,,,
,"Date/Time
EDT","Temp
°C","App
Temp
°C","Dew
Point
°C","Rel
Hum
%","Delta-T
°C",Wind,,,,,"Press
MSL
hPa","Rain since
9am
mm","Low
Temp
°C
time","High
Temp
°C
time",Highest Wind Gust,,
,,,,,,,Dir,"Spd
km/h","Gust
km/h","Spd
kts","Gust
kts",,,,,Dir,"km/h
time","kts
time"
Albury,07/03:00pm,30.3,23.4,-0.1,14,14.7,N,26,39,14,21,1003.9,0,"14.7
05:25am","31.7
02:50pm",NNW,"43
02:18pm","23
02:18pm"
Deniliquin,07/03:00pm,32,25.7,3.9,17,14.6,NNW,26,35,14,19,1002.1,0,"16.0
03:55am","33.6
02:00pm",N,"52
01:48pm","28
01:48pm"
Griffith,07/03:00pm,31.9,26,3.8,17,14.6,NW,24,33,13,18,1004.1,0,"18.2
02:17am","34.6
02:30pm",NNW,"44
12:35pm","24
12:35pm"
Hay Airport,07/03:00pm,35.8,27.5,-2,9,18.3,NNW,32,46,17,25,1002.4,0,"19.0
12:07am","36.5
01:42pm",-,"57
02:39pm","31
02:39pm"
Hume Reservoir,07/09:00am,18.2,18,11.9,66,3.5,S,4,-,2,-,-,0,-,-,-,-,-
Kapooka (Defence),07/03:00pm,31.6,26.7,1.8,15,15,N,17,32,9,17,-,0,"15.7
04:06am","31.8
03:00pm",N,"35
02:31pm","19
02:31pm"
Narrandera Airport,07/03:00pm,33.7,27.8,-0.8,11,16.8,N,20,33,11,18,1004.4,0,"16.2
12:23am","34.9
02:58pm",N,"44
01:29pm","24
01:29pm"
Swan Hill,07/03:00pm,31.1,24.5,4,18,14.1,NNW,28,39,15,21,1001.5,0,"16.0
04:45am","32.3
02:49pm",WNW,"44
01:16pm","24
01:16pm"
Wagga Wagga,07/03:00pm,31.3,25.2,0.6,14,15.1,NNW,22,33,12,18,1005.4,0,"15.5
01:59am","32.2
02:56pm",N,"37
02:34pm","20
02:34pm"
Yanco,07/03:00pm,33.2,28.2,1.1,13,16.1,NNW,17,28,9,15,-,0,"18.8
01:42am","33.8
02:34pm",NNE,"48
02:17pm","26
02:17pm"
Yarrawonga,07/03:00pm,29.8,23.1,1.3,16,14,NNW,26,48,14,26,1003.4,0,"15.6
06:12am","33.2
02:13pm",NNW,"48
02:57pm","26
02:57pm"
LOWER WESTERN,,,,,,,,,,,,,,,,,,
,"Date/Time
EDT","Temp
°C","App
Temp
°C","Dew
Point
°C","Rel
Hum
%","Delta-T
°C",Wind,,,,,"Press
MSL
hPa","Rain since
9am
mm","Low
Temp
°C
time","High
Temp
°C
time",Highest Wind Gust,,
,,,,,,,Dir,"Spd
km/h","Gust
km/h","Spd
kts","Gust
kts",,,,,Dir,"km/h
time","kts
time"
Broken Hill Airport,07/03:00pm,35.7,25.7,-2,9,18.4,NW,41,57,22,31,1000.1,0,"20.0
06:45am","36.4
02:27pm",N,"63
01:43pm","34
01:43pm"
Ivanhoe Airport,07/03:00pm,35.8,27.5,-5.3,7,18.9,N,30,43,16,23,1002,0,"18.1
06:36am","37.5
02:24pm",N,"54
01:57pm","29
01:57pm"
Lake Victoria,07/09:00am,20,20.3,10.8,55,5,CALM,0,-,0,-,-,0,-,-,-,-,-
Menindee,07/09:00am,26.1,24.8,10.1,36,8.9,NE,7,-,4,-,-,0,-,-,-,-,-
Mildura,07/03:00pm,30.1,24.4,-3.6,11,15.2,WSW,17,30,9,16,1001.8,0,"16.2
07:06am","34.2
01:50pm",W,"37
02:34pm","20
02:34pm"
Mount Hope,07/03:00pm,32.7,-,-4.3,9,16.9,-,-,-,-,-,-,0,"16.4
05:16am","34.3
12:48pm",-,-,-
Mulurulu,07/08:00am,23.3,-,-1.6,19,11,-,-,-,-,-,-,-,"18.8
05:20am","22.9
07:49am",-,-,-
UPPER WESTERN,,,,,,,,,,,,,,,,,,
,"Date/Time
EDT","Temp
°C","App
Temp
°C","Dew
Point
°C","Rel
Hum
%","Delta-T
°C",Wind,,,,,"Press
MSL
hPa","Rain since
9am
mm","Low
Temp
°C
time","High
Temp
°C
time",Highest Wind Gust,,
,,,,,,,Dir,"Spd
km/h","Gust
km/h","Spd
kts","Gust
kts",,,,,Dir,"km/h
time","kts
time"
Borrona Downs,07/03:00pm,33.9,-,-6.7,7,17.9,-,-,-,-,-,-,0,"18.9
04:33am","34.8
02:41pm",-,-,-
Bourke,07/03:00pm,36.2,31.8,6.4,16,16.5,NNW,19,32,10,17,1004.8,0,"17.1
06:26am","38.0
02:25pm",NNE,"44
01:21pm","24
01:21pm"
Brewarrina,07/09:00am,27.5,26.4,17.2,53,6.5,NE,19,-,10,-,-,0,-,-,-,-,-
Cobar,07/03:00pm,33.8,26.6,-5,8,17.8,NNW,24,41,13,22,1005.6,0,"18.5
04:53am","35.3
01:44pm",NW,"41
02:54pm","22
02:54pm"
Cobar Airport,07/03:00pm,34,28.3,0.6,12,16.8,N,20,33,11,18,1005.5,0,"18.2
05:06am","35.2
02:29pm",N,"41
11:00am","22
11:00am"
Fowlers Gap,07/03:00pm,36.3,27,-5,7,19.2,NNW,35,48,19,26,1000.8,0,"19.1
05:02am","38.0
02:24pm",NNW,"59
01:52pm","32
01:52pm"
Lightning Ridge,07/09:00am,25,25.3,16,57,5.5,NE,9,-,5,-,-,0,-,-,-,-,-
Noona,07/03:00pm,33.2,-,-3.9,9,17.1,-,-,-,-,-,-,0,"17.2
06:35am","33.5
01:58pm",-,-,-
Smithville,07/03:00pm,37.6,-,-0.6,9,19.1,-,-,-,-,-,-,0,"20.3
02:14am","38.9
02:09pm",-,-,-
Tibooburra Airport,07/03:00pm,38.2,30.4,-3.6,7,20.1,N,28,41,15,22,1002.5,0,"20.4
07:20am","38.9
02:49pm",N,"43
02:41pm","23
02:41pm"
White Cliffs AWS,07/03:00pm,35.9,26.6,-5.2,7,19,N,35,48,19,26,1002.3,0,"19.9
05:44am","37.6
02:55pm",N,"48
02:58pm","26
02:58pm"
Wilcannia Airport,07/03:00pm,37.7,29.3,-2.2,8,19.5,N,32,50,17,27,1001.8,0,"16.4
05:43am","38.1
02:57pm",N,"50
02:55pm","27
02:55pm"
ISLANDS,,,,,,,,,,,,,,,,,,
,"Date/Time
EDT","Temp
°C","App
Temp
°C","Dew
Point
°C","Rel
Hum
%","Delta-T
°C",Wind,,,,,"Press
MSL
hPa","Rain since
9am
mm","Low
Temp
°C
time","High
Temp
°C
time",Highest Wind Gust,,
,,,,,,,Dir,"Spd
km/h","Gust
km/h","Spd
kts","Gust
kts",,,,,Dir,"km/h
time","kts
time"
Lord Howe Island,07/03:00pm,23.1,22,17.3,70,3.6,E,19,22,10,12,1015.5,0,"18.5
03:15am","23.7
12:07pm",E,"39
08:52am","21
08:52am"
Lord Howe Island Windy Point,07/03:00pm,-,-,-,-,-,E,22,26,12,14,-,-,-,-,ESE,"41
08:50am","22
08:50am"
Norfolk Island,07/03:00pm,22.9,25.5,19.3,80,2.3,WNW,4,6,2,3,1013.1,0.2,"18.1
04:32am","24.2
12:22pm",E,"26
12:36pm","14
12:36pm"
PORTABLE,,,,,,,,,,,,,,,,,,
,"Date/Time
EDT","Temp
°C","App
Temp
°C","Dew
Point
°C","Rel
Hum
%","Delta-T
°C",Wind,,,,,"Press
MSL
hPa","Rain since
9am
mm","Low
Temp
°C
time","High
Temp
°C
time",Highest Wind Gust,,
,,,,,,,Dir,"Spd
km/h","Gust
km/h","Spd
kts","Gust
kts",,,,,Dir,"km/h
time","kts
time"
PORTABLE NPWS NSW02,07/02:40pm,24.6,20.2,4.8,27,10.4,N,17,24,9,13,-,0,-,-,-,-,-
PORTABLE NPWS NSW04,07/02:50pm,24.7,19.9,0.2,20,12,NNW,15,17,8,9,-,0,-,-,-,-,-
PORTABLE NPWS NSW05,07/02:50pm,29.1,29.9,14.7,41,-,N,4,6,2,3,-,0.2,-,-,-,-,-
Tidbinbilla,07/02:50pm,24.5,20.9,4.9,28,10.3,WNW,13,20,7,11,-,0,-,-,-,-,-
Mullion,07/02:50pm,24.5,19.1,2.4,23,11,NNW,20,26,11,14,-,0,-,-,-,-,-
Kowen Forest,07/02:50pm,25.1,14.1,1,20,11.7,NW,48,57,26,31,-,0,-,-,-,-,-
Gudgenby,07/02:30pm,22.7,17.4,1.7,25,10.3,WNW,19,28,10,15,-,0,-,-,-,-,-
ACT PCS1,07/02:50pm,27.8,25.1,3.9,21,12.8,NW,7,9,4,5,-,0,-,-,-,-,-
ACT PCS2,07/02:50pm,27.2,23.5,4.4,23,12,N,13,17,7,9,-,0,-,-,-,-,-
ACT PCS3,07/02:50pm,25.6,22.4,2.9,23,-,WNW,9,11,5,6,-,0,-,-,-,-,-
PORTABLE RFSNSW01,07/02:50pm,31.3,29.6,11.3,29,11.7,N,11,15,6,8,-,0,-,-,-,-,-
PORTABLE RFSNSW02,07/02:50pm,27.5,23,4,22,11.8,NNW,17,20,9,11,-,0,-,-,-,-,-
PORTABLE RFSNSW03,07/02:50pm,20.9,12.7,-0.9,23,10.2,NNW,32,41,17,22,-,0,-,-,-,-,-
PORTABLE RFSNSW06,07/02:50pm,22.9,21.2,5.7,32,9,N,4,7,2,4,-,0,-,-,-,-,-
PORTABLE RFSNSW11,07/02:50pm,29.6,29.8,14.7,40,9.1,ESE,7,13,4,7,-,0,-,-,-,-,-
PORTABLE RFSNSW15,07/12:40pm,27.8,28.3,14.1,43,8.2,E,4,7,2,4,-,0,-,-,-,-,-
PORTABLE RFSNSW51,07/02:50pm,31.8,25.1,-0.8,12,15.7,N,24,30,13,16,-,0,-,-,-,-,-
PORTABLE RFSNSW52,07/02:50pm,33.6,27.7,-0.7,11,16.7,NNW,20,22,11,12,-,0,-,-,-,-,-
PORTABLE RFSNSW53,07/02:50pm,31.4,26,-1.3,12,15.6,NNW,17,20,9,11,-,0,-,-,-,-,-
PORTABLE RFSNSW59,07/02:50pm,26,22.6,6,27,10.7,N,13,15,7,8,-,0,-,-,-,-,-
PORTABLE RFSNSW60,07/02:50pm,27.1,26.8,11.6,38,9,ESE,4,6,2,3,-,0,-,-,-,-,-
PORTABLE WN01 (Water NSW),07/02:50pm,25.8,25.3,12.7,44,7.7,N,7,9,4,5,-,0,-,-,-,-,-